{"cameraMode":{"drawMode":0,"name":"Shaded","section":"Shading Mode"},"sceneLighting":true,"audioPlay":false,"sceneViewState":{"showFog":true,"showMaterialUpdate":false,"showSkybox":true,"showFlares":true,"showImageEffects":true,"showParticleSystems":true},"in2DMode":false,"pivot":{"x":1.6082489490509034,"y":-22.00204086303711,"z":8.231155395507813},"rotation":{"x":0.39952582120895388,"y":0.0027500155847519638,"z":-0.0011981870047748089,"w":0.9167203903198242},"size":81.71969604492188,"orthographic":false}