{"cameraMode":{"drawMode":0,"name":"Shaded","section":"Shading Mode"},"sceneLighting":true,"audioPlay":false,"sceneViewState":{"showFog":true,"showMaterialUpdate":false,"showSkybox":true,"showFlares":true,"showImageEffects":true,"showParticleSystems":true},"in2DMode":false,"pivot":{"x":7.933450222015381,"y":-1.3156380653381348,"z":21.324007034301759},"rotation":{"x":0.20317624509334565,"y":0.10551932454109192,"z":-0.022006714716553689,"w":0.9732192158699036},"size":46.340389251708987,"orthographic":false}